DE1-R1_fitness,DE1-R1_error,DE2-R1_fitness,DE2-R1_error,barcode,DE1_fitness,DE1_error,DE2_fitness,DE2_error
0.3065041662065104,0.05715509137941519,0.28261799497226275,0.05977632524833762,53,0.30650416620651033,0.05715509137941519,0.2826179949722627,0.05977632524833761
1.0475094895837471,0.05022482891776594,1.0541352851877703,0.050365007757944225,151,1.0475094895837471,0.05022482891776594,1.0541352851877703,0.05036500775794423
0.2844712858747815,0.059742446533226794,0.28425341545071714,0.06389658881306923,262,0.2844712858747815,0.059742446533226794,0.28425341545071714,0.06389658881306923
0.8224304895719595,0.05067009157769472,0.8480152598175631,0.051071231960034026,273,0.8224304895719596,0.05067009157769472,0.8480152598175632,0.051071231960034026
0.7382487883304827,0.05146733553099836,0.7756172831382548,0.05216695419210433,323,0.7382487883304826,0.05146733553099835,0.7756172831382548,0.05216695419210433
0.9842747827960913,0.05060180723508839,1.0503379314066421,0.05110929804677207,415,0.9842747827960913,0.05060180723508839,1.0503379314066421,0.05110929804677207
0.3036767256866712,0.05969922918459703,0.3274794653428462,0.06336763294881934,622,0.30367672568667115,0.05969922918459703,0.3274794653428462,0.06336763294881934
1.042564968571702,0.052063392950696855,1.0876396210370767,0.053269243770100824,689,1.042564968571702,0.052063392950696855,1.0876396210370767,0.053269243770100824
0.29442514470804726,0.05832329274179888,0.3445772078911524,0.061669212790305676,697,0.2944251447080473,0.058323292741798885,0.3445772078911524,0.061669212790305676
0.9776907697081657,0.050226528184756966,1.0155038354693195,0.050393706235321516,1379,0.9776907697081658,0.05022652818475697,1.0155038354693195,0.050393706235321516
0.9573276769592421,0.050777473380958976,1.017613526533684,0.05129301750941227,1488,0.957327676959242,0.050777473380958976,1.017613526533684,0.05129301750941227
0.2857516255154154,0.05974013231964167,0.3164934446574766,0.06431697542857515,1564,0.2857516255154154,0.05974013231964166,0.3164934446574766,0.06431697542857515
0.719624870739601,0.05096259850135975,0.7196510168665279,0.051271319110823915,1617,0.719624870739601,0.05096259850135976,0.7196510168665278,0.051271319110823915
0.025445642638220817,0.07012976926443634,0.07300675050636016,0.08078211880733055,1641,0.025445642638220817,0.07012976926443634,0.07300675050636016,0.08078211880733055
-0.002711485498418801,0.06390803536431097,-0.030598246331508035,0.07091754462858105,1683,-0.002711485498418801,0.06390803536431097,-0.030598246331508035,0.07091754462858105
0.7125650297067793,0.051883702934014994,0.7160786907525181,0.05288169543580123,1866,0.7125650297067793,0.051883702934014994,0.7160786907525181,0.05288169543580123
0.2966213893065857,0.054704371577298246,0.2900879567882422,0.05633576151666164,2037,0.2966213893065857,0.054704371577298246,0.2900879567882422,0.05633576151666164
0.2909683960246586,0.06101477645044715,0.3577493957015161,0.06528049718805556,2039,0.2909683960246586,0.06101477645044716,0.3577493957015161,0.06528049718805556
0.7535073131117335,0.051867488270925396,0.7537861069513209,0.05248801403478414,2288,0.7535073131117335,0.0518674882709254,0.753786106951321,0.05248801403478415
0.756770088776349,0.05282157019835753,0.8010822541976003,0.05423010826679551,2468,0.7567700887763489,0.05282157019835752,0.8010822541976003,0.0542301082667955
0.48036270058742037,0.05360504879625562,0.4643430073764323,0.054560480749123764,2608,0.4803627005874204,0.05360504879625562,0.46434300737643225,0.054560480749123764
0.6917940585009384,0.051173503220777544,0.7107389510372509,0.051751794936189005,2768,0.6917940585009383,0.051173503220777544,0.7107389510372509,0.051751794936189005
0.3184054738748257,0.06162633585207854,0.39547377387470267,0.06632999817995579,2776,0.3184054738748257,0.06162633585207854,0.39547377387470267,0.06632999817995579
0.4341816186188964,0.05505502952404181,0.43477026229672805,0.05631783384933363,2808,0.4341816186188964,0.05505502952404181,0.43477026229672805,0.05631783384933362
0.30219786296537343,0.057479137950032996,0.3242114656665637,0.06061235710480679,3250,0.30219786296537343,0.05747913795003299,0.3242114656665637,0.06061235710480678
0.2854381748689528,0.053919478116804906,0.2831046168401511,0.05543362926235124,3379,0.28543817486895284,0.05391947811680491,0.28310461684015104,0.055433629262351236
0.6217381572425861,0.0831275673477278,0.8620406825448698,0.1007719660239122,3406,0.6217381572425861,0.0831275673477278,0.8620406825448699,0.1007719660239122
0.5429450817298707,0.05786044902650382,0.5831163331054098,0.06122334674119845,3481,0.5429450817298707,0.05786044902650382,0.5831163331054098,0.06122334674119845
0.16458640927558876,0.0619213028902186,0.19626984883728085,0.06782719165606864,3577,0.16458640927558874,0.0619213028902186,0.19626984883728085,0.06782719165606864
0.27482034330035204,0.05703033351216463,0.27621553868232845,0.059673496502808634,3585,0.27482034330035204,0.05703033351216463,0.27621553868232845,0.05967349650280864
0.8299679940922742,0.05070238219836168,0.8515389969507271,0.05096551558648609,3675,0.8299679940922741,0.05070238219836168,0.8515389969507271,0.05096551558648609
0.9610525634766998,0.05144178388166828,1.0151427154435735,0.05200767077164325,3730,0.9610525634766999,0.051441783881668285,1.0151427154435735,0.052007670771643255
0.35043649537844157,0.0662341439844428,0.42220516584845,0.0725183056011794,3920,0.35043649537844157,0.0662341439844428,0.42220516584844997,0.0725183056011794
0.30870623992535917,0.058700341656537355,0.31096795807291716,0.062462296809178,4418,0.3087062399253591,0.05870034165653735,0.31096795807291716,0.062462296809178
0.27165347711344123,0.05926910929777219,0.29309211574194616,0.06298165635893946,4691,0.27165347711344123,0.05926910929777219,0.29309211574194616,0.06298165635893946
0.5302088721108581,0.05454607372335759,0.5107322339067488,0.05591788038989498,4791,0.5302088721108581,0.05454607372335759,0.5107322339067488,0.05591788038989499
0.750524839255747,0.05082637985441335,0.8756068351905766,0.05136928748466026,4949,0.750524839255747,0.05082637985441335,0.8756068351905766,0.05136928748466026
0.7695764715163504,0.05208807808212665,0.8048969129440504,0.05289952512186043,5564,0.7695764715163503,0.05208807808212665,0.8048969129440504,0.05289952512186043
0.26794209873443897,0.056632683497504166,0.29892296709481175,0.05935826631946809,5654,0.267942098734439,0.05663268349750417,0.29892296709481175,0.05935826631946809
0.7395364514386888,0.052962556752093604,0.7617523588780067,0.054152561626759646,5804,0.7395364514386887,0.0529625567520936,0.7617523588780066,0.054152561626759646
0.822846795718727,0.051712717754346264,0.8511421250805491,0.05240782908778607,6174,0.822846795718727,0.051712717754346264,0.8511421250805491,0.05240782908778607
0.7110498718536005,0.05150343824875352,0.7283571020992592,0.052216465501682845,6271,0.7110498718536005,0.051503438248753516,0.7283571020992592,0.052216465501682845
0.48124048289257787,0.06006912451231614,0.4968344896831086,0.06376142281348128,6391,0.48124048289257787,0.06006912451231614,0.49683448968310867,0.06376142281348128
0.6276734571370505,0.05318130698610461,0.7141343221569681,0.05448465972029697,6582,0.6276734571370505,0.053181306986104605,0.7141343221569683,0.05448465972029698
0.2825728954982699,0.05983692622735882,0.2974069741031639,0.06383296546673262,6814,0.2825728954982699,0.05983692622735882,0.2974069741031639,0.06383296546673262
0.5831825155675694,0.05162943095051134,0.6789832463134533,0.052636221262901295,7269,0.5831825155675694,0.05162943095051134,0.6789832463134533,0.052636221262901295
-0.05792398390573306,0.06461487226062185,-0.013435310324846229,0.07160100944964673,7291,-0.05792398390573306,0.06461487226062185,-0.013435310324846227,0.07160100944964673
0.282861515034619,0.058660075460317075,0.3042693873966723,0.06290437628498413,7375,0.282861515034619,0.058660075460317075,0.3042693873966723,0.06290437628498413
0.29750050827833296,0.056897875765310225,0.3004476186814223,0.05932885591424748,7423,0.29750050827833296,0.05689787576531023,0.3004476186814223,0.05932885591424749
0.019783897686983246,0.07768223810759739,0.051127868165737306,0.09128552808469986,7538,0.019783897686983246,0.07768223810759739,0.051127868165737306,0.09128552808469986
0.22338847491058644,0.0599291359695725,0.25309094524820613,0.06412414295838079,7539,0.22338847491058647,0.05992913596957251,0.25309094524820613,0.06412414295838079
0.7216007451659807,0.050773051711283886,0.7335790197354268,0.051109737840723826,7774,0.7216007451659807,0.050773051711283886,0.7335790197354268,0.051109737840723826
0.7419607571281452,0.05201620177147716,0.769544863285274,0.05317130212652299,7799,0.7419607571281452,0.05201620177147716,0.769544863285274,0.05317130212652299
0.9808680415304386,0.05077678922038974,1.0248221184010158,0.05130402861983179,7836,0.9808680415304386,0.05077678922038974,1.0248221184010158,0.0513040286198318
0.7056651090903842,0.05068509368216942,0.7161939374810323,0.05097412827650531,7953,0.7056651090903842,0.05068509368216941,0.7161939374810323,0.05097412827650532
0.937131782259789,0.05079458586961893,0.9528758606800752,0.05136827164009604,7961,0.9371317822597891,0.05079458586961893,0.9528758606800752,0.05136827164009604
0.7251383920171715,0.05117034778642014,0.696948062709589,0.05156120896618496,7994,0.7251383920171713,0.05117034778642014,0.6969480627095891,0.05156120896618497
0.627988077750587,0.053705327607398025,0.6799307663339952,0.055365992030788895,8297,0.6279880777505871,0.05370532760739803,0.6799307663339953,0.055365992030788895
0.30307630315718803,0.05534005312916593,0.2823203557067454,0.057189592293544755,8459,0.30307630315718803,0.05534005312916593,0.2823203557067454,0.05718959229354475
-0.07844339449382105,0.0759312397934715,-0.02259425042596495,0.08911571227646253,8825,-0.07844339449382107,0.0759312397934715,-0.02259425042596495,0.08911571227646253
0.30755623360130985,0.058890824587700515,0.33218962469925034,0.0624578814203024,9293,0.30755623360130985,0.058890824587700515,0.33218962469925034,0.0624578814203024
0.3270380865639842,0.06317867708995614,0.4033327884801804,0.06918470114863075,9518,0.3270380865639842,0.06317867708995614,0.40333278848018045,0.06918470114863075
0.12411970328135434,0.055967957294362575,0.16544237966134415,0.058164202336542174,9589,0.12411970328135434,0.055967957294362575,0.16544237966134415,0.058164202336542174
0.5231038645973104,0.054306249550713996,0.5599074284385387,0.05604566056133145,9689,0.5231038645973104,0.054306249550713996,0.5599074284385387,0.056045660561331444
0.9908151669747636,0.05086649420399472,1.0214172551123575,0.05120778255572457,9864,0.9908151669747636,0.05086649420399472,1.0214172551123575,0.051207782555724564
0.7317427706626793,0.050870609967615936,0.7578939770472246,0.05123088652147005,9888,0.7317427706626793,0.050870609967615936,0.7578939770472246,0.05123088652147005
0.29906821373010245,0.06080411306959748,0.3248502744467764,0.06525465210054036,10050,0.29906821373010245,0.06080411306959748,0.3248502744467764,0.06525465210054036
0.7374947955700765,0.051865238047513244,0.7576748811697752,0.05250220753959291,10103,0.7374947955700765,0.051865238047513244,0.7576748811697753,0.052502207539592914
-0.0028143402311924712,0.064048952525127,-0.08049567480591426,0.07122829300329367,10307,-0.002814340231192471,0.064048952525127,-0.08049567480591426,0.07122829300329367
0.2842297266134647,0.05779697539795777,0.3165205146661388,0.061257449340899904,10316,0.2842297266134647,0.05779697539795778,0.31652051466613873,0.0612574493408999
-0.16420870520327746,0.07723729892550625,-0.18279074142814258,0.09105023275084474,10623,-0.16420870520327746,0.07723729892550625,-0.18279074142814258,0.09105023275084474
0.9777299357335175,0.053163468057920306,0.9998656866688646,0.05436140733990296,10794,0.9777299357335174,0.053163468057920306,0.9998656866688646,0.05436140733990296
0.7243923803036787,0.052063688211917786,0.7698278196928956,0.05306461336688207,10851,0.7243923803036787,0.052063688211917786,0.7698278196928956,0.05306461336688207
0.8137750715039539,0.05285628935939868,0.8600072689413147,0.054003321833154934,11430,0.8137750715039539,0.05285628935939867,0.8600072689413146,0.05400332183315493
0.2792213732015409,0.057912120122889876,0.26639364548785077,0.06066136576378211,11456,0.2792213732015409,0.057912120122889876,0.2663936454878508,0.060661365763782116
0.3406725147691971,0.06491666206645898,0.5401524376507517,0.07255553555293363,11586,0.34067251476919713,0.06491666206645898,0.5401524376507517,0.07255553555293363
0.3024290973158557,0.057023529334588006,0.3128098579323132,0.05988313733943616,11667,0.3024290973158557,0.057023529334588006,0.31280985793231325,0.05988313733943617
0.9565561974136181,0.051150108391763136,0.9955371905422584,0.05197660457066871,11752,0.9565561974136181,0.051150108391763136,0.9955371905422585,0.05197660457066871
0.7475505495434793,0.05111166898421387,0.7606759696299844,0.05180255689738198,11933,0.7475505495434793,0.05111166898421387,0.7606759696299845,0.05180255689738199
0.278411312224946,0.06030289837837686,0.32553558034346725,0.06521709003495776,12090,0.278411312224946,0.060302898378376865,0.3255355803434673,0.06521709003495776
0.28226562724582427,0.06000519282192533,0.31038286604723475,0.06420919591498334,12752,0.28226562724582427,0.06000519282192533,0.31038286604723475,0.06420919591498334
0.30551754304532874,0.05760110129434694,0.31181180674973996,0.060965022535643974,13029,0.30551754304532874,0.05760110129434694,0.31181180674973996,0.06096502253564397
0.9433387384913894,0.050850776278820106,0.966485920669439,0.051250768397245884,13132,0.9433387384913895,0.050850776278820106,0.966485920669439,0.051250768397245884
-0.005771891031307475,0.06532806705500585,0.00014376331997336235,0.07302320243951503,13183,-0.005771891031307475,0.06532806705500585,0.00014376331997336238,0.07302320243951503
0.2630334462015972,0.062212285295146004,0.3548903650628233,0.06801362122431825,13852,0.2630334462015972,0.062212285295146004,0.3548903650628233,0.06801362122431825
0.2798959142145484,0.056523531990737425,0.3073027240093029,0.05912415229496812,13872,0.2798959142145484,0.056523531990737425,0.307302724009303,0.059124152294968126
0.3766424049648379,0.059098663847926974,0.3760795870191262,0.06228126535481415,14160,0.376642404964838,0.059098663847926974,0.37607958701912625,0.06228126535481416
0.7562783304777259,0.051367647819277495,0.7223793709846323,0.051835192706027225,14280,0.7562783304777257,0.05136764781927749,0.7223793709846325,0.051835192706027225
0.4739243190713955,0.05262116069197818,0.4672196953197436,0.0533841473101506,14485,0.47392431907139554,0.05262116069197819,0.4672196953197436,0.0533841473101506
0.2550130646427507,0.05744703090156555,0.32946581947248277,0.06102927942399093,14849,0.2550130646427507,0.057447030901565554,0.32946581947248277,0.06102927942399093
0.2949942006443045,0.05725382805324847,0.3463733810696301,0.06057515277219962,14915,0.29499420064430454,0.05725382805324847,0.3463733810696301,0.06057515277219962
0.8224692574662875,0.05282080647975519,1.2345764454398955,0.05577975989092286,15221,0.8224692574662875,0.05282080647975519,1.2345764454398953,0.055779759890922855
0.983044223745639,0.05112440628613582,0.9953926294536646,0.05172684933951465,15232,0.983044223745639,0.05112440628613582,0.9953926294536646,0.05172684933951466
0.5502024385945136,0.059637443719411064,0.5350805362947796,0.06206962014263478,15337,0.5502024385945135,0.05963744371941106,0.5350805362947796,0.06206962014263478
0.5750865436385646,0.05130181288433018,0.5764443702168385,0.051917488513923415,15787,0.5750865436385646,0.05130181288433018,0.5764443702168386,0.05191748851392342
0.27650160876667224,0.05949944376974021,0.30675853297809486,0.06364043302075913,16720,0.27650160876667224,0.05949944376974021,0.3067585329780948,0.06364043302075913
0.013955512897273375,0.07481250514384839,0.06548404503847295,0.08710052144387294,17499,0.013955512897273377,0.07481250514384839,0.06548404503847295,0.08710052144387294
-0.03333994315448714,0.06393988699050612,-0.036900671244174864,0.07157902326720483,17615,-0.03333994315448714,0.06393988699050612,-0.036900671244174864,0.07157902326720483
0.7179550946119801,0.05091983579312027,0.7293912612595789,0.05131885306295467,17691,0.7179550946119801,0.05091983579312027,0.7293912612595789,0.05131885306295467
0.626511504698647,0.05439830960619114,0.6442024332473844,0.05617781912862417,17927,0.6265115046986471,0.05439830960619114,0.6442024332473844,0.05617781912862417
1.0064256172720834,0.05130523783793298,1.056387397238734,0.052146268958089194,18152,1.0064256172720834,0.05130523783793298,1.056387397238734,0.052146268958089194
0.6535878391787159,0.05094026623195944,0.6951752873491918,0.05131488468955282,18200,0.6535878391787159,0.05094026623195945,0.6951752873491917,0.051314884689552816
0.23042906413295577,0.062388578168086024,0.31336167235752893,0.06674771546174521,18352,0.2304290641329558,0.062388578168086024,0.31336167235752893,0.06674771546174521
0.9143730075287585,0.05060919483612773,1.0274456406810921,0.05100223929211161,18420,0.9143730075287585,0.05060919483612773,1.0274456406810921,0.05100223929211162
0.30900740408923694,0.058517602264747615,0.35519251270295915,0.06228208445369724,18501,0.30900740408923694,0.058517602264747615,0.35519251270295915,0.062282084453697234
0.262995063062034,0.0580418268962001,0.28624831795260186,0.061379614866234083,18860,0.262995063062034,0.0580418268962001,0.28624831795260186,0.061379614866234083
0.2691024782583141,0.05720696596852308,0.29510483592514575,0.05982078907769645,18950,0.2691024782583141,0.05720696596852309,0.29510483592514575,0.05982078907769646
0.7175826448667176,0.05111868587744767,0.7338392327288695,0.0516610570741048,19184,0.7175826448667176,0.05111868587744767,0.7338392327288696,0.0516610570741048
0.32559621917730014,0.05715169194314908,0.3226305268986783,0.05969297003878135,19219,0.32559621917730014,0.05715169194314908,0.3226305268986784,0.05969297003878136
0.6878353519297264,0.052168414579053635,0.693625991805028,0.05305130304494369,19296,0.6878353519297266,0.05216841457905364,0.693625991805028,0.05305130304494369
0.5245012779409434,0.053281432588989354,0.5061027276731059,0.054161870173632595,19297,0.5245012779409434,0.05328143258898936,0.506102727673106,0.0541618701736326
0.2770294017095632,0.05765035678008135,0.23938119550411507,0.059160937188045465,19379,0.2770294017095632,0.05765035678008135,0.2393811955041151,0.059160937188045465
0.7235333495587509,0.051347314071018606,0.7491858886135174,0.05190011870854186,19407,0.723533349558751,0.051347314071018606,0.7491858886135173,0.05190011870854186
0.2865511998512414,0.05437578677514709,0.2636042569406177,0.055786200137629915,19697,0.2865511998512414,0.05437578677514709,0.2636042569406177,0.055786200137629915
0.5569937349921288,0.05515510317116156,0.579003514404159,0.05718073258650791,19707,0.5569937349921288,0.05515510317116156,0.579003514404159,0.05718073258650791
0.31691352758047064,0.06109974005038051,0.33703573069414233,0.06583236879423922,19795,0.31691352758047064,0.06109974005038051,0.33703573069414233,0.06583236879423922
0.018834081150291473,0.06714774024851075,0.06274160634035766,0.07584788329956135,19894,0.018834081150291473,0.06714774024851075,0.06274160634035766,0.07584788329956135
0.27023238575268577,0.0611592551722325,0.3046035234971864,0.06619835007388777,20083,0.27023238575268577,0.061159255172232495,0.3046035234971864,0.06619835007388777
0.288111285845051,0.05662472652003074,0.28609472177732237,0.05935473150924287,20464,0.288111285845051,0.056624726520030734,0.28609472177732237,0.05935473150924287
-0.006728436347735103,0.06542774385885679,-0.009081816400704441,0.07418490093635031,20632,-0.006728436347735102,0.06542774385885679,-0.009081816400704441,0.07418490093635031
0.9185342932419736,0.0511268868004334,0.9499088737845068,0.05155862852167274,20873,0.9185342932419737,0.05112688680043341,0.9499088737845068,0.05155862852167274
0.7253004258010578,0.05131683701864919,0.734842670844625,0.051979027005641464,20967,0.7253004258010578,0.05131683701864919,0.734842670844625,0.05197902700564147
0.29261167580042335,0.06297922085782708,0.3563653891030413,0.06754624585444427,21440,0.2926116758004233,0.06297922085782708,0.35636538910304133,0.06754624585444427
0.3874915931997401,0.05382135687849306,0.3822221397819474,0.05525111925052836,21543,0.38749159319974014,0.05382135687849306,0.38222213978194747,0.05525111925052837
0.2589383331234441,0.05704735762752068,0.30018404693108147,0.058985879329031064,21625,0.25893833312344416,0.05704735762752069,0.30018404693108147,0.05898587932903106
0.7841795857035401,0.05195800446198533,0.7972055496801504,0.05308149434855281,21956,0.7841795857035401,0.05195800446198533,0.7972055496801504,0.05308149434855281
0.9809935380452106,0.0516843621175656,1.036700416070595,0.05273728849802406,21967,0.9809935380452107,0.0516843621175656,1.036700416070595,0.05273728849802406
0.7106056103830515,0.05093525072177536,0.7241576808344979,0.05129819684749482,22011,0.7106056103830514,0.05093525072177536,0.724157680834498,0.05129819684749483
0.4936743331955476,0.0564757732128431,0.5308691598468749,0.05977963766428904,22162,0.49367433319554765,0.056475773212843104,0.5308691598468749,0.059779637664289044
0.2720900456958688,0.05603715186829454,0.28109323382315216,0.05868311184231219,22360,0.27209004569586875,0.056037151868294534,0.28109323382315216,0.05868311184231219
0.2938437248033601,0.060021461377195065,0.33156591375802025,0.0642680163069433,22372,0.2938437248033601,0.06002146137719507,0.33156591375802025,0.0642680163069433
0.2977291421534404,0.05966958233017088,0.2617217236071572,0.06385886426522498,22469,0.2977291421534404,0.059669582330170876,0.26172172360715723,0.06385886426522498
0.14944053765057588,0.06739700061130101,0.1808692858838318,0.07507609690535658,22669,0.14944053765057588,0.06739700061130101,0.18086928588383178,0.07507609690535658
0.7611346429461088,0.053487175600732566,0.8843658116480416,0.055835393768084635,23688,0.7611346429461088,0.053487175600732566,0.8843658116480417,0.05583539376808464
0.8815422665858895,0.05096264120965166,0.9359497230446532,0.05168334295867596,23868,0.8815422665858894,0.05096264120965165,0.9359497230446531,0.05168334295867596
0.04046516463309658,0.06887499593338735,-0.026652912241970323,0.07819802006681764,24151,0.04046516463309658,0.06887499593338735,-0.026652912241970323,0.07819802006681764
-0.018340346789199304,0.06626292160667387,-0.030966285682554717,0.07343948423066575,24362,-0.018340346789199304,0.06626292160667387,-0.030966285682554714,0.07343948423066575
0.5670437632665928,0.05276225984222026,0.5939880921158837,0.05405838448022901,24737,0.5670437632665928,0.05276225984222026,0.5939880921158837,0.05405838448022901
0.29889930191279257,0.05417680507149796,0.34285816530954216,0.05604483707413283,24858,0.29889930191279257,0.05417680507149796,0.34285816530954216,0.05604483707413283
0.9649908388571391,0.052306185285909704,1.0500219643094322,0.05300966833695357,25531,0.9649908388571391,0.052306185285909704,1.0500219643094322,0.05300966833695357
0.6695614336126936,0.05117709144395128,0.7057518216619201,0.0517254467210244,25747,0.6695614336126935,0.05117709144395128,0.70575182166192,0.0517254467210244
0.9680050521907905,0.05073633109689141,0.9951079886448201,0.05134084108504825,25780,0.9680050521907905,0.05073633109689141,0.9951079886448201,0.05134084108504825
0.2869951442653887,0.05746826060235077,0.29798354177545805,0.0605669693324991,26106,0.2869951442653887,0.05746826060235077,0.29798354177545805,0.0605669693324991
0.004690672809370487,0.06200394105740779,-0.03209375851472123,0.06678339377203342,26612,0.004690672809370487,0.06200394105740779,-0.03209375851472123,0.06678339377203342
0.278739271521617,0.05536655034646141,0.23224814163176144,0.05686970077195389,27346,0.278739271521617,0.05536655034646141,0.23224814163176144,0.05686970077195389
0.3092438226434753,0.06050437125296344,0.3251507303417715,0.06465796076599782,27473,0.3092438226434752,0.06050437125296344,0.3251507303417715,0.06465796076599782
0.29154073960726734,0.058678606136670246,0.332342082973542,0.06270136993308087,28533,0.29154073960726734,0.058678606136670246,0.332342082973542,0.06270136993308087
0.9506223286624994,0.0504576069534791,0.9898159417056062,0.05075078258834541,28740,0.9506223286624994,0.0504576069534791,0.9898159417056062,0.05075078258834541
0.25544505602648343,0.055153833911802966,0.22199893507232524,0.05734222475354465,28888,0.25544505602648343,0.055153833911802966,0.22199893507232527,0.057342224753544654
-0.0035709255742302983,0.06743401795028683,-0.03147831986253616,0.0754562310420458,29375,-0.0035709255742302987,0.06743401795028683,-0.03147831986253616,0.0754562310420458
0.9728110524702738,0.05071704456976882,0.9869088266598687,0.051107019966590964,29473,0.9728110524702737,0.05071704456976882,0.9869088266598687,0.051107019966590964
0.27687404007152894,0.05905081405705057,0.30426944600329003,0.06291801632238182,29840,0.2768740400715289,0.059050814057050566,0.30426944600329003,0.06291801632238182
1.0244922682540976,0.053334162163816604,1.0584452116630882,0.05479924516449997,30578,1.0244922682540976,0.0533341621638166,1.0584452116630882,0.05479924516449998
0.23003414240679287,0.06141348202171421,0.33851795446513055,0.0655922069196172,30769,0.2300341424067929,0.06141348202171422,0.33851795446513055,0.0655922069196172
0.3012542722460135,0.05744950181536366,0.3043472113920295,0.059853129489149524,30795,0.3012542722460134,0.05744950181536366,0.3043472113920295,0.059853129489149524
0.9606035577311078,0.051144646871748974,1.0073945040079977,0.05184141536092207,31360,0.960603557731108,0.051144646871748974,1.0073945040079977,0.05184141536092207
0.2866530911702431,0.057235318699936574,0.3034098211778602,0.060714621900573085,31607,0.2866530911702431,0.057235318699936574,0.3034098211778602,0.06071462190057309
0.12156317984637614,0.07178431699733256,0.20406600292141405,0.08229582364230827,32075,0.12156317984637613,0.07178431699733256,0.20406600292141405,0.08229582364230827
0.2794941470876108,0.057999103684922865,0.2956933748945666,0.061353796037995574,32201,0.2794941470876108,0.057999103684922865,0.29569337489456654,0.06135379603799557
0.5257821804866707,0.05328301542957617,0.5402511198595608,0.05457863185566904,32262,0.5257821804866707,0.05328301542957617,0.5402511198595608,0.05457863185566904
0.2773607939450927,0.05562772651597925,0.27632282544858755,0.05764563782076481,32675,0.2773607939450927,0.05562772651597925,0.27632282544858755,0.05764563782076481
0.2702961177531183,0.06217348600795877,0.33800289991138244,0.06688428325855926,32685,0.27029611775311835,0.06217348600795877,0.3380028999113825,0.06688428325855926
0.7508545004226894,0.05152678482731652,0.7406023307310674,0.0518976702334006,33617,0.7508545004226894,0.05152678482731652,0.7406023307310673,0.05189767023340059
0.27758677303581,0.05937007756652029,0.342714654620368,0.06368621990403711,33976,0.2775867730358099,0.05937007756652029,0.34271465462036793,0.06368621990403711
0.05992602170900534,0.06365131242149656,0.03473867982271287,0.06967455829021238,34189,0.05992602170900533,0.06365131242149656,0.03473867982271287,0.06967455829021238
0.2516597833824639,0.057475108945934064,0.28598989345824044,0.06087315989899821,34808,0.2516597833824639,0.057475108945934064,0.28598989345824044,0.06087315989899822
0.3082899032379773,0.0576600619094261,0.3392273042502453,0.060835739170362224,35898,0.3082899032379772,0.057660061909426095,0.3392273042502453,0.06083573917036222
0.26269541681985115,0.0589851798559043,0.2718816292190601,0.06250749476702175,37238,0.26269541681985115,0.0589851798559043,0.2718816292190601,0.06250749476702175
0.22004094075522335,0.058437661294700835,0.354445617359506,0.0621061316537526,37241,0.22004094075522335,0.058437661294700835,0.354445617359506,0.0621061316537526
0.17942993106264044,0.05868371935815223,0.3157946200004856,0.061158763706279415,38775,0.17942993106264044,0.05868371935815223,0.3157946200004855,0.061158763706279415
0.002404011591879659,0.06669727480347226,-0.04849074213310029,0.07439531956738915,39066,0.0024040115918796596,0.06669727480347226,-0.0484907421331003,0.07439531956738915
0.3010058188422998,0.061810355185666854,0.3161631833043142,0.06662742824137298,39270,0.3010058188422998,0.061810355185666854,0.3161631833043142,0.06662742824137298
0.0011524468113851903,0.06342377723751141,0.02959108660427445,0.07002197030712752,39633,0.0011524468113851903,0.06342377723751141,0.02959108660427445,0.07002197030712752
0.49615808797819927,0.05228339650722894,0.43704828265820317,0.05315519828389866,39674,0.49615808797819927,0.05228339650722894,0.43704828265820317,0.05315519828389866
0.8957127002194009,0.050990251537427124,1.0370931572779962,0.051548082006970905,40409,0.895712700219401,0.050990251537427124,1.0370931572779962,0.051548082006970905
0.27749329077727386,0.05442324500610996,0.2923355167235826,0.05601454240687135,40779,0.27749329077727386,0.05442324500610996,0.2923355167235826,0.05601454240687135
0.5337141901186905,0.05552600119321398,0.5339234373581783,0.057518937617300564,40865,0.5337141901186905,0.05552600119321398,0.5339234373581783,0.057518937617300564
0.2731198585929906,0.06053531742976622,0.3586642397819512,0.06531008187612831,41484,0.2731198585929906,0.06053531742976622,0.3586642397819513,0.06531008187612831
-0.03855207078410376,0.0682218904584515,0.019307728734162588,0.0762160687178985,41601,-0.03855207078410376,0.0682218904584515,0.01930772873416259,0.0762160687178985
0.005329523959713997,0.06883163383505886,-0.050988324566908924,0.07856756889955098,42040,0.005329523959713998,0.06883163383505886,-0.050988324566908924,0.07856756889955098
0.7375955788782801,0.05537161426731314,0.7354510087909493,0.0572612554959361,42331,0.73759557887828,0.055371614267313136,0.7354510087909493,0.057261255495936095
0.27340145567863716,0.05978822990117302,0.34368208920392196,0.06463527212970939,42575,0.27340145567863716,0.05978822990117303,0.34368208920392196,0.06463527212970939
0.3247631545291455,0.05415739556579731,0.3275150174932766,0.05546338947103533,43155,0.3247631545291455,0.054157395565797316,0.32751501749327666,0.05546338947103534
0.7459113252889743,0.05285694522352442,0.767973275770032,0.05385055104783209,43361,0.7459113252889743,0.05285694522352442,0.767973275770032,0.05385055104783209
0.9198730902484736,0.05153999053951409,1.0173041231569124,0.05232201431775174,43483,0.9198730902484736,0.05153999053951408,1.0173041231569127,0.05232201431775174
0.6382724410211663,0.052751252686731934,0.6550748767682951,0.05384970145709028,43692,0.6382724410211662,0.05275125268673193,0.655074876768295,0.053849701457090275
0.29383631579426334,0.05602108001068238,0.2734569406159838,0.05836565172464083,44777,0.2938363157942633,0.05602108001068237,0.2734569406159838,0.05836565172464083
0.2994214933626488,0.057161870104433334,0.3307332128604386,0.060322280213559995,44905,0.2994214933626488,0.05716187010443333,0.3307332128604386,0.060322280213559995
0.3024772414819367,0.062220711174338465,0.31689780439596993,0.06693600324564423,44966,0.3024772414819367,0.06222071117433846,0.31689780439596993,0.06693600324564423
0.24350487752883365,0.05750616637896948,0.2999046881533238,0.05966648771214798,44971,0.24350487752883362,0.05750616637896948,0.2999046881533238,0.05966648771214798
0.13852345402174354,0.06207610849698838,0.11818266901536637,0.06803360882155246,45031,0.13852345402174354,0.06207610849698837,0.11818266901536638,0.06803360882155246
-0.026442928040910352,0.06602310936526178,-0.05560355281790311,0.0739050380869011,45512,-0.026442928040910352,0.06602310936526178,-0.05560355281790311,0.0739050380869011
0.5469522415253156,0.05499156868673155,0.5808953873713163,0.05732198706314681,45865,0.5469522415253156,0.05499156868673156,0.5808953873713163,0.057321987063146805
0.2650284569848849,0.05560515985019403,0.2854852433199001,0.057608530101165345,46200,0.2650284569848849,0.055605159850194034,0.2854852433199001,0.057608530101165345
0.3211999365157849,0.05922965397584262,0.2988843883526608,0.06234280256640945,46313,0.3211999365157849,0.05922965397584262,0.2988843883526608,0.06234280256640945
0.29783530394610475,0.05472317225034823,0.25883151675555544,0.056301401717691574,46938,0.2978353039461047,0.05472317225034822,0.25883151675555544,0.056301401717691574
0.3015805649740772,0.05970383105523782,0.3183472653772725,0.06299476329570579,47877,0.3015805649740772,0.05970383105523783,0.3183472653772725,0.06299476329570579
0.4267524978609416,0.05422756465909872,0.459417968297963,0.05606664594076748,48822,0.42675249786094155,0.05422756465909871,0.459417968297963,0.056066645940767476
0.2641103417749341,0.06255084972771303,0.33641683923979415,0.0681237667309843,48904,0.2641103417749341,0.06255084972771303,0.3364168392397941,0.0681237667309843
-0.006904879694765815,0.06988149823275944,-0.0207432070841655,0.07966123935641584,49174,-0.006904879694765815,0.06988149823275944,-0.020743207084165504,0.07966123935641584
0.28653284905220067,0.055852035923382844,0.28266337978816175,0.05826701312486715,50232,0.28653284905220067,0.05585203592338285,0.28266337978816175,0.05826701312486715
0.30898285525735003,0.05657264618045389,0.3233250524414744,0.05994298960518414,50286,0.3089828552573501,0.05657264618045389,0.3233250524414744,0.05994298960518414
0.2872031020830551,0.056933367217646524,0.32451169869471536,0.059965387288836866,50878,0.2872031020830551,0.056933367217646524,0.32451169869471536,0.059965387288836866
0.2763822686754753,0.057150048385909244,0.3334102837217981,0.060304219362197826,50880,0.2763822686754752,0.057150048385909244,0.3334102837217981,0.060304219362197826
0.2846450889338747,0.0583327526564019,0.34170291574202943,0.06236625199124235,51200,0.2846450889338747,0.05833275265640189,0.34170291574202943,0.06236625199124235
0.25254453709377717,0.061085408926691676,0.2951492253873806,0.06526121995609213,51455,0.25254453709377717,0.06108540892669168,0.2951492253873806,0.06526121995609213
0.2756290959192691,0.06174189974481004,0.3162074237888047,0.06555302510415491,52221,0.27562909591926904,0.061741899744810036,0.3162074237888047,0.06555302510415491
0.28596938579460995,0.05797077195893299,0.33198319206518623,0.06179197310776402,52560,0.28596938579460995,0.057970771958932986,0.3319831920651863,0.06179197310776403
-0.23089155468125278,0.0921807956536761,-0.17383198281280435,0.11730739903423486,53054,-0.2308915546812528,0.0921807956536761,-0.17383198281280435,0.11730739903423484
0.2857520461421555,0.05712358340791725,0.32185669953575485,0.05993245055414708,53230,0.28575204614215544,0.05712358340791724,0.32185669953575485,0.05993245055414708
-0.01660088058379556,0.07103335317893855,0.03154818009554549,0.07907573483048459,54461,-0.01660088058379556,0.07103335317893855,0.03154818009554549,0.07907573483048459
0.26394428682690274,0.054118809165755254,0.27687894042586797,0.05562263881263311,55340,0.26394428682690274,0.054118809165755254,0.276878940425868,0.05562263881263311
0.3203575102181056,0.060017657494733395,0.28231568965241016,0.06289540242898109,55577,0.3203575102181056,0.060017657494733395,0.2823156896524102,0.06289540242898109
0.2751146588443597,0.058029769737280835,0.28832029077967375,0.06161249786447039,55847,0.2751146588443597,0.05802976973728083,0.28832029077967375,0.06161249786447039
0.9586213046393999,0.05113864002847855,0.9770553927508259,0.05163215822571011,57117,0.9586213046394,0.05113864002847855,0.9770553927508259,0.05163215822571011
0.26707898567252925,0.05772998361609682,0.3051701202839301,0.061538325623998864,57408,0.26707898567252925,0.05772998361609682,0.3051701202839301,0.061538325623998864
-0.003241572254660089,0.0643996093502649,0.009211772798670102,0.07115222909870053,58107,-0.0032415722546600893,0.0643996093502649,0.009211772798670102,0.07115222909870053
0.31012138135110473,0.05575111567797695,0.3341459870023148,0.05839571421292228,58189,0.3101213813511047,0.05575111567797694,0.33414598700231474,0.05839571421292227
0.28779470516317435,0.057782029359345656,0.28854309368959996,0.0607457110663648,58400,0.28779470516317435,0.05778202935934566,0.28854309368959996,0.0607457110663648
0.28521739913245875,0.05669055167400631,0.2964794541421647,0.059451003068398296,59345,0.28521739913245875,0.056690551674006315,0.2964794541421647,0.059451003068398296
0.2935065468604492,0.05879726162744139,0.2926619548180775,0.06219718680230259,59822,0.2935065468604492,0.05879726162744139,0.29266195481807755,0.06219718680230259
0.36411545539504947,0.05424328559801829,0.3817508742304087,0.05578035390617845,59999,0.36411545539504947,0.05424328559801829,0.38175087423040877,0.055780353906178456
-0.0033665332882617913,0.06634646800847135,0.019598304619109705,0.07385440147744854,60333,-0.0033665332882617913,0.06634646800847135,0.019598304619109705,0.07385440147744854
-0.017343286203934556,0.06354643024465267,-0.016578372295171468,0.06985159387123469,60549,-0.017343286203934553,0.06354643024465267,-0.016578372295171468,0.06985159387123469
0.5100743411407095,0.0515289832290546,0.5068261282543893,0.05235348892714484,60700,0.5100743411407094,0.0515289832290546,0.5068261282543892,0.05235348892714483
0.2581031368996522,0.054382367754807336,0.28176201252663063,0.05593507880586532,60959,0.2581031368996522,0.054382367754807336,0.28176201252663063,0.05593507880586532
0.2483711293248868,0.061114002343819425,0.3362288238201476,0.06499410531090317,60973,0.2483711293248868,0.061114002343819425,0.3362288238201476,0.06499410531090317
0.27640613774317535,0.05878141567065819,0.3196233577698716,0.06254330893666243,61570,0.27640613774317535,0.05878141567065819,0.3196233577698716,0.06254330893666243
0.2942867213508271,0.05668048193111807,0.31541469037052255,0.05944500228448034,62344,0.2942867213508271,0.05668048193111807,0.31541469037052255,0.05944500228448034
0.26433683048857387,0.05947723957616133,0.30211888875310344,0.0633878458587433,62701,0.2643368304885739,0.059477239576161335,0.30211888875310344,0.0633878458587433
0.7206165145503327,0.05085042304205216,0.7153416265052432,0.05134423343557306,63215,0.7206165145503327,0.05085042304205216,0.7153416265052432,0.05134423343557306
0.33705730393264427,0.06262401218948128,0.4869698187569387,0.06957596184916885,63382,0.33705730393264427,0.06262401218948128,0.4869698187569387,0.06957596184916885
0.2866196116166908,0.05833283618244892,0.3354485827306241,0.06173373734817565,64115,0.28661961161669075,0.058332836182448916,0.3354485827306241,0.06173373734817565
-0.016534442190902315,0.06785148376530625,-0.06884322400780146,0.07722919931337925,64731,-0.016534442190902315,0.06785148376530625,-0.06884322400780146,0.07722919931337925
0.3093788384350852,0.055839361755297516,0.28741804420232026,0.05777007775476336,65196,0.3093788384350851,0.05583936175529751,0.2874180442023202,0.05777007775476335
0.2782971370156267,0.05900707509734379,0.27241564240424176,0.06235533133264867,65266,0.2782971370156267,0.05900707509734379,0.2724156424042418,0.06235533133264868
0.279143188885651,0.055422674306455824,0.28315063126569345,0.057729181802679365,65692,0.279143188885651,0.05542267430645582,0.28315063126569345,0.05772918180267937
0.6144470724417607,0.05194806720884196,0.6632369017799785,0.053112551062476435,65819,0.6144470724417607,0.05194806720884196,0.6632369017799786,0.05311255106247644
-0.1716514528697032,0.07455219329575974,0.11043462382424744,0.08445730614575994,66652,-0.17165145286970324,0.07455219329575974,0.11043462382424744,0.08445730614575994
0.29154636151631697,0.056317174579130706,0.31530978263210585,0.05900755763997756,67711,0.291546361516317,0.05631717457913071,0.31530978263210585,0.05900755763997755
0.09144855163620923,0.061450789896497444,0.4975115454111915,0.0662565647455635,68197,0.09144855163620921,0.06145078989649744,0.4975115454111915,0.0662565647455635
0.2754541032401715,0.053950443529503886,0.30176287937068513,0.055498395798537485,69575,0.2754541032401715,0.053950443529503886,0.30176287937068513,0.055498395798537485
0.18696733747445823,0.05866633813166164,0.29621577213399375,0.06141420415455643,69928,0.18696733747445823,0.05866633813166164,0.29621577213399375,0.06141420415455643
0.05944160916284279,0.06518037338216127,0.08071676453949873,0.07252445757650156,70033,0.05944160916284279,0.06518037338216127,0.08071676453949873,0.07252445757650156
-0.025838655488291958,0.06956642381673311,-0.026078080324624487,0.080171001208949,70408,-0.025838655488291958,0.06956642381673311,-0.026078080324624487,0.080171001208949
0.7366297998775296,0.05135599082922534,0.7344606970624529,0.052058935899654366,70433,0.7366297998775296,0.05135599082922534,0.734460697062453,0.05205893589965437
0.2798887715988854,0.0558296153918759,0.28687275857739186,0.05835642363956581,70812,0.2798887715988854,0.0558296153918759,0.28687275857739186,0.0583564236395658
0.30167121197308877,0.058046435543505914,0.3268698601196923,0.06182243649329148,70982,0.3016712119730888,0.05804643554350592,0.32686986011969227,0.06182243649329147
0.46641721853873475,0.05680300310860075,0.47368420219166074,0.05969178155235552,71109,0.4664172185387348,0.05680300310860076,0.4736842021916607,0.059691781552355515
0.24792309636193285,0.06052733413674739,0.3127696449806612,0.06398784360715251,71696,0.24792309636193283,0.060527334136747386,0.3127696449806612,0.06398784360715251
0.4289703073496788,0.058639479590688555,0.4552483584664834,0.06197215459125074,71751,0.4289703073496788,0.058639479590688555,0.45524835846648337,0.06197215459125073
-0.0239581101536067,0.06802365643747668,-0.0072207380938714896,0.07581483798785607,71926,-0.023958110153606705,0.06802365643747668,-0.0072207380938714896,0.07581483798785607
-0.05716836798607024,0.07768914772706871,0.10712124098482075,0.08946985935005027,72008,-0.05716836798607024,0.07768914772706871,0.10712124098482073,0.08946985935005027
0.03484436137925433,0.062344975546350656,0.01645336217673157,0.06731765955217327,72395,0.03484436137925433,0.062344975546350656,0.01645336217673157,0.06731765955217327
0.7319056284579781,0.05234887645361358,0.7421370696680967,0.05291194414134314,72591,0.7319056284579781,0.05234887645361358,0.7421370696680967,0.052911944141343134
0.016742352658069858,0.06875055461444401,0.026945539826779576,0.07829299367773566,72939,0.016742352658069858,0.06875055461444401,0.026945539826779573,0.07829299367773566
-0.028366805796925798,0.058447681129103216,-0.0038352547383508234,0.06196358725230438,73802,-0.0283668057969258,0.05844768112910322,-0.0038352547383508234,0.06196358725230438
0.3098864629797244,0.060272503881406404,0.3409898913078307,0.06432096765239317,73881,0.3098864629797244,0.060272503881406404,0.3409898913078307,0.06432096765239317
0.31846273903957467,0.05981460425311176,0.3434743981913636,0.06349562301546667,74033,0.31846273903957467,0.05981460425311176,0.3434743981913636,0.06349562301546667
-0.1314872566958898,0.07365293925414894,0.0445722858739508,0.08193223087330025,74280,-0.1314872566958898,0.07365293925414894,0.0445722858739508,0.08193223087330025
0.30537153427190783,0.05785200178865558,0.2993194726309594,0.060697906503546735,75144,0.30537153427190783,0.05785200178865558,0.2993194726309594,0.060697906503546735
0.4790308150802632,0.05427290922552447,0.5327382573917864,0.056783957027801625,75669,0.4790308150802632,0.05427290922552447,0.5327382573917864,0.056783957027801625
0.2847498378516614,0.05692975396010623,0.24672232844484623,0.059050296231060166,75841,0.2847498378516614,0.05692975396010623,0.24672232844484626,0.059050296231060166
0.2724529952366678,0.057118724337613065,0.2937734617291254,0.06034981161118384,76616,0.2724529952366678,0.057118724337613065,0.2937734617291254,0.06034981161118385
0.043640164271469016,0.06452252539590603,0.07220404962359556,0.07232026713391757,77609,0.043640164271469016,0.06452252539590603,0.07220404962359556,0.07232026713391757
0.36048176486190453,0.05974181939469524,0.44242043541320886,0.0651204253430995,77824,0.36048176486190453,0.05974181939469524,0.44242043541320886,0.0651204253430995
0.24080813593515732,0.059832588054842435,0.29232611378810863,0.06280568198999296,78232,0.24080813593515732,0.059832588054842435,0.29232611378810863,0.06280568198999296
0.2997496222755129,0.056552357373269586,0.29022525631769314,0.05897987883593154,78573,0.2997496222755129,0.056552357373269586,0.29022525631769314,0.05897987883593154
0.007908672311286214,0.06370616403298959,-0.05040557284500839,0.07074077800963598,79953,0.007908672311286214,0.06370616403298959,-0.05040557284500839,0.07074077800963598
0.266424386252295,0.0617549295147252,0.2962407905242116,0.06740674568706531,81798,0.266424386252295,0.0617549295147252,0.29624079052421165,0.06740674568706531
0.2751286129184196,0.056449828817181524,0.29094954172051024,0.0587118017407893,82806,0.2751286129184196,0.056449828817181524,0.29094954172051024,0.0587118017407893
0.2678434701921093,0.05529358352208607,0.2937407863595399,0.05766247491214542,83255,0.2678434701921093,0.05529358352208607,0.2937407863595399,0.05766247491214543
0.29576070302076224,0.05724741517140472,0.29250908674942544,0.06052451172568776,83504,0.2957607030207622,0.05724741517140471,0.29250908674942544,0.06052451172568776
0.263584427088742,0.05650105664195333,0.2658574048163759,0.0592066103971427,83967,0.263584427088742,0.056501056641953325,0.26585740481637593,0.05920661039714271
0.2748799896470984,0.056495780797853806,0.2905944463768974,0.05908055637332516,84597,0.2748799896470985,0.056495780797853806,0.2905944463768974,0.059080556373325155
0.01898825753548022,0.06565652440933484,0.03450259888773483,0.07340246846094882,84997,0.01898825753548022,0.06565652440933484,0.03450259888773483,0.07340246846094882
0.3223466941742652,0.05827876739298579,0.3117265596366099,0.0616601154267477,85751,0.32234669417426526,0.05827876739298579,0.31172655963660995,0.06166011542674771
0.26925241491352847,0.056002106586397586,0.2666687048823487,0.058191900910873125,87689,0.26925241491352847,0.05600210658639758,0.2666687048823487,0.058191900910873125
-0.034911489106645814,0.07008571387275055,-0.04179275980582506,0.07873675742728953,88494,-0.034911489106645814,0.07008571387275055,-0.04179275980582506,0.07873675742728953
0.2903249001230124,0.056484021138438326,0.3407700667599707,0.059740406736784234,88706,0.2903249001230124,0.056484021138438326,0.3407700667599707,0.05974040673678423
0.24158800709100847,0.05632065369334853,0.3563533486251506,0.05989333203492761,89848,0.24158800709100847,0.05632065369334853,0.3563533486251506,0.05989333203492761
0.2918462533389405,0.05582559190433853,0.2996835983311545,0.05815314487800921,90003,0.2918462533389405,0.05582559190433853,0.2996835983311545,0.05815314487800921
0.2885068869145896,0.05635601231702383,0.294092570649332,0.05896429068801116,91807,0.2885068869145896,0.05635601231702382,0.2940925706493319,0.05896429068801115
0.21231507097945648,0.06097962453170641,0.27977209190395286,0.06397241533700786,94393,0.2123150709794565,0.06097962453170641,0.27977209190395286,0.06397241533700786
-0.030043523321481583,0.06609748868038313,-0.06120030417868383,0.07427758488309436,99005,-0.030043523321481587,0.06609748868038313,-0.061200304178683836,0.07427758488309436
0.3203782231401301,0.05598708761908553,0.3246677375936005,0.058736938317759044,99035,0.3203782231401301,0.05598708761908553,0.3246677375936005,0.058736938317759044
0.2855549880971454,0.05893800004251351,0.2964760891768586,0.06249937456504355,100501,0.2855549880971454,0.05893800004251351,0.2964760891768585,0.06249937456504354
0.2874178183180044,0.058081521682507305,0.28849208330268794,0.06148373824739896,100895,0.2874178183180044,0.05808152168250731,0.2884920833026879,0.06148373824739896
0.3187396830588725,0.06134933531019792,0.30874942560584984,0.06513522840654723,101051,0.3187396830588725,0.061349335310197914,0.30874942560584984,0.06513522840654723
0.32507296059189017,0.06365639612107256,0.35773381998666365,0.06871086240381581,101506,0.32507296059189017,0.06365639612107256,0.35773381998666365,0.06871086240381581
0.005596163625322417,0.06541696007850334,0.06365813485530615,0.07278338846463277,104216,0.005596163625322416,0.06541696007850334,0.06365813485530615,0.07278338846463277
0.3865764778353107,0.061058813615005605,0.37916884911754495,0.06495870710439328,104261,0.38657647783531063,0.0610588136150056,0.37916884911754495,0.06495870710439328
0.04071779265634436,0.06969095922125217,0.05893866766824831,0.07913663890507024,104349,0.040717792656344357,0.06969095922125217,0.05893866766824831,0.07913663890507024
0.004804569544671138,0.06784138303302792,0.02547068671334973,0.07462026866505016,105497,0.004804569544671138,0.06784138303302792,0.025470686713349733,0.07462026866505016
0.006481209110939227,0.06418700391117776,-0.055237082938964045,0.07117152496990543,107286,0.006481209110939227,0.06418700391117776,-0.055237082938964045,0.07117152496990543
-0.011548576286672196,0.0627355085856206,-0.06427395867786112,0.06766801391222506,107751,-0.011548576286672196,0.0627355085856206,-0.06427395867786112,0.06766801391222506
0.27411478603684003,0.056156794388364725,0.3016166460053369,0.05897988282941149,107859,0.27411478603684003,0.056156794388364725,0.3016166460053369,0.05897988282941149
-0.006653002741941076,0.06471649380980446,0.0032549296066248182,0.0702742212655555,107971,-0.006653002741941076,0.06471649380980446,0.0032549296066248187,0.0702742212655555
-0.006574159461325928,0.07205884391701853,-0.04041040562649944,0.08238172575182959,109476,-0.0065741594613259275,0.07205884391701853,-0.04041040562649944,0.08238172575182959
0.2913939808447545,0.05647509072276677,0.2788894180718061,0.05930297931524829,110443,0.2913939808447545,0.05647509072276676,0.2788894180718061,0.05930297931524829
0.288510469227034,0.06264150187931355,0.41318140834353945,0.06901954350166013,111905,0.288510469227034,0.06264150187931355,0.41318140834353945,0.06901954350166013
0.28693743680085115,0.05813753276518841,0.28333561128315016,0.06158271829435372,112239,0.28693743680085115,0.058137532765188404,0.2833356112831502,0.061582718294353724
0.02942915862558307,0.06849244813570657,0.07113220143111458,0.0775125263794633,112427,0.02942915862558307,0.06849244813570657,0.07113220143111458,0.0775125263794633
0.3040303538885497,0.057422452926111256,0.32781751497367123,0.060320954064336366,113468,0.3040303538885497,0.057422452926111256,0.32781751497367123,0.060320954064336366
-0.03621768678032697,0.05933874323874239,-0.05660389684826972,0.0631617396927023,113483,-0.03621768678032697,0.059338743238742386,-0.05660389684826972,0.0631617396927023
0.30424610087010956,0.06011517850580382,0.32880846839121725,0.06422246070210572,113978,0.30424610087010956,0.06011517850580382,0.3288084683912173,0.06422246070210572
0.17572461910623724,0.05998096144903462,0.26618616436009407,0.06283580182546517,114628,0.17572461910623724,0.05998096144903462,0.26618616436009407,0.06283580182546517
0.279887835807266,0.060197060987996855,0.3154121033877075,0.06463533210131489,115150,0.27988783580726606,0.06019706098799686,0.3154121033877075,0.06463533210131489
0.308539647595903,0.05613912777173722,0.31002112444373153,0.05861034513742071,116916,0.308539647595903,0.05613912777173721,0.31002112444373153,0.05861034513742071
0.007845006005021003,0.06078634401074266,-0.037678831675305814,0.06557719170920034,117630,0.007845006005021003,0.06078634401074267,-0.037678831675305814,0.06557719170920034
0.3255663684817176,0.053851211046853247,0.27748112838246125,0.05490362655417925,117631,0.32556636848171755,0.05385121104685324,0.27748112838246125,0.054903626554179255
0.29661310237359173,0.059023526040491055,0.32553870095695303,0.06243676048379552,118509,0.2966131023735917,0.05902352604049105,0.325538700956953,0.06243676048379551
0.2844804629994429,0.05718958811260968,0.2818193772251095,0.060089968809442784,118921,0.2844804629994429,0.05718958811260968,0.2818193772251095,0.060089968809442784
-0.03356229930030309,0.06484153254388317,-0.041918443813320494,0.07136697056053865,119403,-0.03356229930030309,0.06484153254388317,-0.041918443813320494,0.07136697056053865
0.09559998988652223,0.06515445337659402,0.02707063706350286,0.0719113340807199,120600,0.09559998988652223,0.06515445337659402,0.027070637063502864,0.0719113340807199
0.277359636486015,0.05573417205462364,0.27324778093582,0.0577228357309285,120939,0.27735963648601497,0.05573417205462364,0.27324778093582,0.05772283573092849
0.11212804493197932,0.06982433369721214,0.1988281976384843,0.08013192992822261,121650,0.11212804493197932,0.06982433369721214,0.1988281976384843,0.08013192992822261
0.721169142362597,0.05103244579656897,0.7497881860866744,0.051402557478313474,121806,0.721169142362597,0.05103244579656898,0.7497881860866744,0.051402557478313474
0.16415325999048627,0.07084244879028782,0.14360680151264768,0.08016516699367242,121915,0.16415325999048624,0.07084244879028782,0.14360680151264768,0.08016516699367242
0.29741742452333714,0.05750043263264027,0.30144282924614724,0.060634587892532225,122137,0.2974174245233371,0.057500432632640264,0.3014428292461472,0.06063458789253222
0.002353743889997523,0.06532467564633425,-0.028139437283633228,0.07192576887228339,122302,0.002353743889997523,0.06532467564633425,-0.028139437283633228,0.07192576887228339
0.28034425338830377,0.05568080572532179,0.30111960094027723,0.057837181473717615,124210,0.2803442533883038,0.055680805725321796,0.30111960094027723,0.057837181473717615
0.32733964821552136,0.06116183395337646,0.35357947325607153,0.06567358999530638,128188,0.32733964821552136,0.06116183395337646,0.35357947325607153,0.06567358999530638
0.1269483700822618,0.06793265175194159,0.2608527001415121,0.0754174957534505,129569,0.1269483700822618,0.06793265175194159,0.2608527001415121,0.0754174957534505
0.2992780922074529,0.05816306198498749,0.2944322288053926,0.06164783149924133,132735,0.2992780922074529,0.05816306198498749,0.29443222880539266,0.061647831499241336
0.06789755950893965,0.06367221169767896,0.04898283672589114,0.07087998481728701,132805,0.06789755950893965,0.06367221169767896,0.04898283672589114,0.07087998481728701
-0.024273582398935133,0.05889618532390113,-0.0022602261548063324,0.06312323582008567,134852,-0.024273582398935133,0.058896185323901125,-0.0022602261548063324,0.06312323582008567
0.156182467533121,0.06400871368182147,0.15556328349501117,0.07068018818139542,134867,0.156182467533121,0.06400871368182147,0.15556328349501117,0.07068018818139542
0.272032857133625,0.0598970370452455,0.33253119357281347,0.06407428796962747,134904,0.2720328571336251,0.0598970370452455,0.33253119357281347,0.06407428796962747
0.17604911750616975,0.05954326218687087,0.1341274938626716,0.06339485374299611,135117,0.17604911750616978,0.05954326218687087,0.13412749386267162,0.06339485374299611
0.3219514033900962,0.05742487837757208,0.3013614023243402,0.06026258701600758,135215,0.32195140339009615,0.05742487837757208,0.3013614023243402,0.06026258701600758
-0.05267757449585321,0.06773910276543248,0.010651220178536208,0.07456420666867525,142054,-0.052677574495853204,0.06773910276543248,0.010651220178536208,0.07456420666867525
0.3244972960355813,0.05873962152792081,0.32579522728305016,0.0621462597702506,142144,0.3244972960355813,0.05873962152792081,0.3257952272830502,0.06214625977025061
0.2814957385692116,0.05944053475938289,0.3277635337641127,0.06273138577597938,142859,0.2814957385692116,0.05944053475938289,0.3277635337641127,0.06273138577597938
-0.04114171899215139,0.07779533534500853,-0.025311815206075634,0.09288200025254305,143026,-0.04114171899215138,0.07779533534500853,-0.025311815206075634,0.09288200025254305
-0.01736983587569306,0.09977025622025212,0.13815636068219989,0.12827073190051774,143344,-0.01736983587569306,0.09977025622025212,0.13815636068219989,0.12827073190051774
0.29306195686002995,0.0531164658874014,0.2713169154922907,0.05452925867379631,144535,0.29306195686002995,0.0531164658874014,0.2713169154922907,0.05452925867379631
0.15313410900577948,0.06802669015054864,0.13963383755339148,0.0764638482529782,144969,0.15313410900577945,0.06802669015054864,0.13963383755339148,0.0764638482529782
0.2998613019555264,0.05571656906509592,0.3012654789717941,0.05792390335574241,145113,0.2998613019555264,0.05571656906509592,0.3012654789717941,0.05792390335574241
0.2824189293984814,0.060066886501408664,0.3213576250433283,0.06336774560864429,147119,0.2824189293984814,0.060066886501408664,0.3213576250433283,0.06336774560864429
0.5412966829195962,0.05761542595252937,0.5420430180627731,0.059313265244005584,148821,0.5412966829195962,0.057615425952529366,0.5420430180627731,0.05931326524400559
0.26515598115841105,0.0549461518465789,0.2568393229589355,0.05671647494815647,149824,0.26515598115841105,0.0549461518465789,0.2568393229589356,0.05671647494815648
-0.009321525997643007,0.08078001289505965,0.02310355265782124,0.09342688156098773,151541,-0.009321525997643007,0.08078001289505965,0.02310355265782124,0.09342688156098772
0.3269904341725177,0.062473572876264025,0.41921322801096644,0.06816257501000361,152081,0.3269904341725177,0.062473572876264025,0.41921322801096644,0.06816257501000361
0.2947855020566668,0.0557939558140692,0.2863892698958114,0.05799542863549816,152501,0.2947855020566668,0.0557939558140692,0.2863892698958114,0.05799542863549816
0.30401419306481764,0.061951558773152615,0.36561848299157546,0.06569951274331332,154660,0.30401419306481764,0.061951558773152615,0.36561848299157546,0.06569951274331332
0.2577563727393765,0.056262106090147916,0.2694329250439841,0.0584288137641406,159038,0.2577563727393765,0.05626210609014791,0.2694329250439841,0.058428813764140594
0.2666676402955063,0.06218321822203942,0.31665412458891246,0.06788440108016786,159633,0.2666676402955063,0.06218321822203943,0.31665412458891246,0.06788440108016786
0.22418036558200108,0.061762173081464616,0.31404101865376144,0.06602669839140908,161840,0.22418036558200108,0.061762173081464616,0.31404101865376144,0.06602669839140908
0.2988704765989028,0.05683974152006394,0.33722950681973496,0.059923703207760394,163510,0.2988704765989028,0.05683974152006394,0.33722950681973496,0.059923703207760394
0.30149704973695973,0.056467937420812415,0.30541679329112403,0.05929834834429396,164130,0.30149704973695973,0.056467937420812415,0.30541679329112403,0.05929834834429396
-0.009939669410420533,0.06743850106782626,-0.02311781516289615,0.07637967296311383,164627,-0.009939669410420533,0.06743850106782626,-0.02311781516289615,0.07637967296311383
0.277159375565285,0.0584299178541417,0.29912060334470336,0.06162191596847213,170554,0.2771593755652851,0.0584299178541417,0.29912060334470336,0.061621915968472135
0.29297503955921816,0.05811098609986988,0.3373296180172751,0.06172446234036531,170814,0.29297503955921816,0.05811098609986988,0.3373296180172751,0.061724462340365306
-0.0010676108941382173,0.06304987756077073,-0.060958063570046045,0.06978419488652339,171083,-0.0010676108941382173,0.06304987756077073,-0.06095806357004605,0.06978419488652339
0.27791826131037506,0.057581863512457795,0.2846636472813704,0.060918895140108974,175091,0.277918261310375,0.05758186351245779,0.28466364728137045,0.06091889514010898
0.2495918779768683,0.05902914717184417,0.2666510716043831,0.06332751056391434,176764,0.24959187797686827,0.05902914717184416,0.2666510716043831,0.06332751056391434
0.31000955484244563,0.05593371069193018,0.3225342614614579,0.05835567336390213,178096,0.3100095548424456,0.05593371069193018,0.3225342614614579,0.05835567336390213
0.6803722571189122,0.05114231974953119,0.6870034526415235,0.05152527467487285,179100,0.6803722571189122,0.05114231974953119,0.6870034526415235,0.05152527467487285
0.22168200953995704,0.0610518250533454,0.3423811801738963,0.06417367149825064,179213,0.221682009539957,0.061051825053345395,0.34238118017389624,0.06417367149825064
0.33408209424172014,0.06116107498154363,0.3392156820493262,0.06496094578418045,180905,0.3340820942417201,0.06116107498154362,0.3392156820493262,0.06496094578418045
-0.32322597281144966,0.09163052794573417,-0.21126605570720616,0.11068651368516995,183570,-0.32322597281144966,0.09163052794573417,-0.21126605570720616,0.11068651368516995
0.7569870321866805,0.07339768350370275,0.6942784618680018,0.0841800590846709,187133,0.7569870321866805,0.07339768350370275,0.6942784618680018,0.0841800590846709
0.3147668642612918,0.06568509537694113,0.41367214539516495,0.07320789638324031,187691,0.3147668642612918,0.06568509537694113,0.41367214539516495,0.07320789638324031
0.5019935470027777,0.052312463529812996,0.4732242141685167,0.05294846022929073,189102,0.5019935470027777,0.052312463529812996,0.4732242141685167,0.05294846022929073
0.030142085118861423,0.06296022197826719,-0.023884238061363892,0.06983391056341126,191298,0.03014208511886142,0.06296022197826719,-0.023884238061363892,0.06983391056341126
-0.04992582153753856,0.0671149738650964,-0.020279377525796893,0.07303877463977484,192852,-0.04992582153753856,0.0671149738650964,-0.020279377525796893,0.07303877463977484
0.17528951161982642,0.06721934450640815,0.1732645907499781,0.0741289012677109,193269,0.17528951161982642,0.06721934450640815,0.17326459074997813,0.0741289012677109
0.26265000675605615,0.055647759649406756,0.26387600603525957,0.05812055365327817,194622,0.26265000675605615,0.055647759649406756,0.26387600603525957,0.05812055365327817
-0.008725315214811704,0.06745957274161685,-0.03985962887993816,0.07443245347989905,195473,-0.008725315214811704,0.06745957274161685,-0.03985962887993816,0.07443245347989905
-0.008270621463456541,0.06943170450327164,0.003915549143546525,0.07884783280496248,195887,-0.008270621463456541,0.06943170450327164,0.003915549143546525,0.07884783280496248
0.24710400613358885,0.056469177551662045,0.25825386959769164,0.058365475563254644,197765,0.24710400613358885,0.056469177551662045,0.2582538695976916,0.058365475563254644
0.287990426774793,0.05689737289354015,0.30621285263060033,0.059472151475718146,198950,0.2879904267747929,0.05689737289354015,0.30621285263060033,0.059472151475718146
0.3256925343461647,0.0595803709042654,0.3192341047982251,0.06278401258949244,200512,0.3256925343461647,0.0595803709042654,0.3192341047982251,0.06278401258949244
0.3167238002660979,0.0578932972627087,0.3427035831541388,0.06180970136100786,201777,0.3167238002660979,0.0578932972627087,0.3427035831541388,0.06180970136100786
0.1572961177841094,0.05617916571577269,0.34100638574385583,0.05862349198901154,201919,0.1572961177841094,0.05617916571577268,0.34100638574385583,0.05862349198901154
0.284353969903197,0.05965513342708894,0.29136672799238983,0.0640567652697861,202468,0.284353969903197,0.05965513342708894,0.29136672799238983,0.0640567652697861
0.06338154581367628,0.06675927039678985,0.04929439041422351,0.07459099721214428,205157,0.06338154581367628,0.06675927039678985,0.04929439041422351,0.07459099721214428
0.3193449457095841,0.05822342824866115,0.33596877901881006,0.06088881179395517,206713,0.3193449457095841,0.05822342824866115,0.33596877901881006,0.06088881179395517
0.2799350605302767,0.05832466562390355,0.305969833291094,0.062167769151707734,207058,0.2799350605302767,0.05832466562390355,0.30596983329109395,0.06216776915170773
0.02218839390837027,0.0653374148545576,0.005553309315885745,0.07218184021095927,208465,0.02218839390837027,0.0653374148545576,0.005553309315885746,0.07218184021095927
0.2805293316086385,0.06651234859597725,0.37489580003461753,0.071700534102776,210734,0.2805293316086386,0.06651234859597725,0.37489580003461753,0.071700534102776
0.32827882480964143,0.05596909670394345,0.32058163634905956,0.058325666333905485,211106,0.32827882480964143,0.05596909670394345,0.32058163634905956,0.058325666333905485
0.2691593526523203,0.05785397285646538,0.27373218293930907,0.060544839468816045,214211,0.2691593526523203,0.057853972856465374,0.2737321829393091,0.06054483946881605
0.15125352896120017,0.061988740460754164,0.10513210442346956,0.06645018835899959,215309,0.1512535289612002,0.06198874046075417,0.10513210442346957,0.06645018835899959
0.2714031529923422,0.05741090201478371,0.28985611443374487,0.060555565480028814,215325,0.27140315299234224,0.057410902014783716,0.2898561144337448,0.06055556548002881
0.3649583241338293,0.05360945401489363,0.32019290475305856,0.055172425601112046,217798,0.3649583241338293,0.05360945401489363,0.32019290475305856,0.055172425601112046
0.2974283323947377,0.054649344372163206,0.2632734898781046,0.05651370391027944,225065,0.2974283323947377,0.05464934437216321,0.2632734898781046,0.05651370391027944
-0.03218646681962194,0.06538133949251403,-0.047395554709724376,0.07229026233109977,225103,-0.03218646681962194,0.06538133949251403,-0.04739555470972438,0.07229026233109977
0.07414043173224462,0.06299566161306418,0.05011344820976314,0.06967576448427737,225923,0.07414043173224462,0.06299566161306418,0.050113448209763135,0.06967576448427737
0.7330540920138363,0.05245574614234562,0.8371405670808435,0.053606257435716564,229920,0.7330540920138363,0.05245574614234562,0.8371405670808436,0.05360625743571657
0.06004071310753875,0.06274240910130764,0.024003458624123904,0.06891461740526306,230962,0.06004071310753875,0.06274240910130764,0.024003458624123904,0.06891461740526306
0.3016188774547494,0.05650340105050254,0.28645285695522693,0.05899713114972731,232264,0.3016188774547494,0.05650340105050254,0.286452856955227,0.058997131149727315
0.2790058612668013,0.05643632194270322,0.29413832842170856,0.059018486992469,237576,0.2790058612668013,0.05643632194270322,0.29413832842170856,0.059018486992469
0.04242350070658244,0.0737926738063597,0.014814095016902108,0.0844197153222275,238413,0.04242350070658245,0.0737926738063597,0.014814095016902108,0.0844197153222275
0.20010627756988014,0.06428274655528417,0.25545624848716647,0.07071274877248292,239769,0.20010627756988014,0.06428274655528417,0.25545624848716647,0.07071274877248292
-0.004859431122657884,0.06349708397781133,-0.022737942272887102,0.06967470534688114,241857,-0.004859431122657884,0.06349708397781133,-0.022737942272887102,0.06967470534688114
0.30315481603372,0.057295654036546455,0.28802416233175093,0.06044148802542767,244443,0.30315481603372,0.057295654036546455,0.28802416233175093,0.06044148802542767
0.6817790130453624,0.07321444323444992,0.9683966168678919,0.08397880371974953,246829,0.6817790130453624,0.07321444323444992,0.9683966168678919,0.08397880371974953
-0.04465384509359497,0.06928271770316165,-0.013146621429232246,0.07874780015304153,247616,-0.04465384509359497,0.06928271770316165,-0.013146621429232246,0.07874780015304153
0.2955091464866272,0.05653757876274279,0.2842020604493277,0.05908546712074926,251379,0.2955091464866272,0.05653757876274279,0.2842020604493277,0.05908546712074927
0.1133358212999258,0.07151252984097398,0.07458257799278965,0.08317391563087793,254044,0.1133358212999258,0.07151252984097398,0.07458257799278965,0.08317391563087793
0.28719096264291616,0.0562368352690363,0.2710187448909795,0.058453875142460136,258539,0.2871909626429162,0.056236835269036306,0.2710187448909795,0.05845387514246014
0.24600320560630332,0.05648310437405474,0.25571137230365437,0.05878543991889244,261861,0.24600320560630334,0.05648310437405474,0.25571137230365437,0.05878543991889244
0.33945651680134065,0.0567798116743423,0.2606266916483752,0.0595855810565661,262917,0.33945651680134065,0.0567798116743423,0.2606266916483752,0.0595855810565661
0.287085469530126,0.05540012318696193,0.2937412758193219,0.0574747893293134,266802,0.287085469530126,0.05540012318696193,0.2937412758193219,0.0574747893293134
-0.01518933883963214,0.07084992533641128,-0.03885857225634259,0.08017778007530252,270104,-0.01518933883963214,0.07084992533641128,-0.03885857225634259,0.08017778007530252
0.3023595407206035,0.05915945071883423,0.38576224168021295,0.0636988863708282,273092,0.3023595407206035,0.059159450718834224,0.385762241680213,0.0636988863708282
-0.1697731672289827,0.09113257721135826,-0.181510331114279,0.11419026808122879,276407,-0.1697731672289827,0.09113257721135826,-0.181510331114279,0.11419026808122877
-0.13314877583425153,0.07684596887112481,0.021916266862457828,0.08720874733937763,277185,-0.13314877583425153,0.07684596887112481,0.02191626686245783,0.08720874733937763
0.0016102227141941772,0.06503834638482792,0.04112539386303298,0.07190085804837222,278476,0.0016102227141941772,0.06503834638482792,0.041125393863032975,0.07190085804837222
0.36269493044743295,0.07124212408929881,0.3770779983314963,0.08198455361993338,283952,0.36269493044743295,0.07124212408929881,0.3770779983314963,0.08198455361993338
0.008623222294451324,0.06952174559992955,-0.03402262526196047,0.07948932892933859,287352,0.008623222294451324,0.06952174559992955,-0.03402262526196047,0.07948932892933859
-0.003190782870729578,0.06887334804692442,-0.0030261331989931985,0.07585943358286325,294706,-0.0031907828707295784,0.06887334804692442,-0.0030261331989931985,0.07585943358286325
0.15205745789658723,0.05995839975959852,0.3650150057625561,0.06296719640935597,295458,0.15205745789658723,0.05995839975959852,0.36501500576255613,0.06296719640935597
0.29869319825456203,0.05578004196999613,0.2999461927774131,0.05782476502971258,296771,0.29869319825456203,0.05578004196999612,0.29994619277741313,0.05782476502971259
0.2729745767125822,0.05884070406374684,0.3235495391831651,0.06273706914849665,297322,0.2729745767125822,0.058840704063746835,0.3235495391831651,0.06273706914849665
0.008687852875818481,0.07318158141524982,0.04113608022351651,0.08450750263726557,298344,0.008687852875818481,0.07318158141524982,0.0411360802235165,0.08450750263726557
-0.01993773320646644,0.0652468590586264,-0.054787781957514096,0.07191168485181287,303501,-0.01993773320646644,0.0652468590586264,-0.054787781957514096,0.07191168485181287
0.13772879754952105,0.061049909296047575,0.20719530469231504,0.06479806499609761,304483,0.13772879754952105,0.061049909296047575,0.20719530469231504,0.06479806499609761
0.0008762651863336759,0.0629703945669828,-0.0007368698445449806,0.06954690225500564,304935,0.000876265186333676,0.0629703945669828,-0.0007368698445449807,0.06954690225500564
-0.04339862689183614,0.08725808106500338,-0.01780169426851939,0.10380052951330762,309605,-0.04339862689183614,0.08725808106500338,-0.017801694268519394,0.10380052951330763
0.6237520506707601,0.054015736722070086,0.8874870362271348,0.05665329319643283,309655,0.6237520506707601,0.054015736722070086,0.8874870362271347,0.05665329319643282
0.2945437304955263,0.05682435543922208,0.2967237409773028,0.06021560061492335,310209,0.2945437304955263,0.05682435543922208,0.2967237409773028,0.06021560061492335
0.02266126511149999,0.06541935288879276,-0.0028618640546645697,0.0710752386877155,316048,0.02266126511149999,0.06541935288879276,-0.00286186405466457,0.0710752386877155
-0.02533907034299571,0.06351481498456132,-0.005584176751611922,0.0695554561061356,316954,-0.02533907034299571,0.06351481498456132,-0.005584176751611922,0.0695554561061356
0.2863747321953584,0.05492884480416582,0.28973657970479366,0.0566420935679963,317672,0.2863747321953584,0.05492884480416582,0.2897365797047937,0.05664209356799631
0.3319222448935388,0.05913353745917503,0.3129060392303441,0.06246735582301721,319196,0.3319222448935388,0.05913353745917503,0.3129060392303441,0.06246735582301721
0.2933334174759213,0.058392841818728745,0.31502439308463237,0.06197586465067748,328579,0.2933334174759213,0.058392841818728745,0.31502439308463237,0.06197586465067748
0.26375091589687427,0.05735183594153403,0.28814337379825744,0.0593751481091426,329774,0.26375091589687427,0.05735183594153403,0.2881433737982574,0.05937514810914259
-0.022533489332667106,0.06542994035351986,-0.028747400320188313,0.07209843430649569,330943,-0.022533489332667106,0.06542994035351986,-0.02874740032018831,0.07209843430649569
0.06387501754460559,0.06882747206982301,0.07995470326268667,0.07622677616321587,334616,0.06387501754460559,0.06882747206982301,0.07995470326268667,0.07622677616321587
0.270687662510818,0.059890011765489914,0.31873372525318017,0.0648198915402366,336972,0.270687662510818,0.05989001176548992,0.31873372525318017,0.0648198915402366
0.24641857379868737,0.05797216133838623,0.3135862092497561,0.060058241819573165,338908,0.24641857379868737,0.05797216133838623,0.31358620924975616,0.06005824181957317
0.31141074600991564,0.05641524399407138,0.3088991863203663,0.05925180330730735,340123,0.31141074600991564,0.056415243994071385,0.3088991863203663,0.05925180330730736
0.28495748470934545,0.057222929535037347,0.27280988681130536,0.06022947935056799,341234,0.2849574847093455,0.057222929535037347,0.27280988681130536,0.06022947935056799
0.33592453941715944,0.05756593920098638,0.3134280835966462,0.06057377841863405,349198,0.33592453941715944,0.05756593920098638,0.3134280835966462,0.06057377841863405
0.14505865405894508,0.07193727250412818,0.19687393457814276,0.07909119602578385,349927,0.14505865405894508,0.07193727250412818,0.19687393457814276,0.07909119602578385
-0.0127270741456587,0.06954273770636829,0.008702715726169988,0.07783134957806515,352078,-0.0127270741456587,0.06954273770636829,0.008702715726169988,0.07783134957806515
0.07068217899740833,0.06564221107610156,0.0598662984560788,0.07435615069156482,352705,0.07068217899740833,0.06564221107610156,0.0598662984560788,0.07435615069156482
0.028353746211341724,0.06503299541688752,0.02960130407363889,0.07253707823989614,371306,0.028353746211341728,0.06503299541688752,0.02960130407363889,0.07253707823989614
0.1375692944738411,0.07736532315344026,0.4504014907915343,0.08469846721616284,375115,0.1375692944738411,0.07736532315344026,0.4504014907915343,0.08469846721616284
0.300270039798032,0.06128735670615551,0.3339753640567464,0.06606878128327018,378857,0.3002700397980321,0.06128735670615552,0.3339753640567464,0.06606878128327018
0.5193839881367026,0.05371922493143525,0.5429661659027114,0.05538924001922513,379777,0.5193839881367025,0.053719224931435244,0.5429661659027114,0.05538924001922513
-0.03659094887032027,0.0625134197100693,0.012521893889717955,0.06809764004877857,381707,-0.03659094887032027,0.0625134197100693,0.012521893889717955,0.06809764004877857
0.2835753009209362,0.06358099121194326,0.35106843096004586,0.06768837628096694,392361,0.28357530092093614,0.06358099121194326,0.35106843096004586,0.06768837628096694
-0.008516986909772201,0.07104764991168272,0.025335161303854176,0.08219535476753807,419648,-0.008516986909772201,0.07104764991168272,0.025335161303854176,0.08219535476753807
0.31955945117843937,0.0579104685467379,0.3354645536525722,0.06087360822593896,419831,0.3195594511784393,0.05791046854673789,0.3354645536525722,0.06087360822593896
0.30835470860403064,0.058368471531552855,0.31291203952144464,0.06113822386096577,425471,0.30835470860403064,0.058368471531552855,0.3129120395214447,0.06113822386096577
-0.11151772541192144,0.0763290680741402,0.014278065413581249,0.08531863370617855,430247,-0.11151772541192145,0.0763290680741402,0.01427806541358125,0.08531863370617855
0.2732969590660565,0.058447216681855194,0.2959169545780933,0.06115624921788498,434397,0.2732969590660565,0.058447216681855194,0.2959169545780933,0.06115624921788498
0.004081433105786013,0.06857215123148233,-0.05185186804392654,0.07760646253102013,454851,0.004081433105786013,0.06857215123148233,-0.051851868043926545,0.07760646253102013
0.672004679657355,0.06142536905716556,0.8137127328952964,0.06446010733147794,9000001,0.6720046796573549,0.06142536905716555,0.8137127328952964,0.06446010733147794
0.6461768729314878,0.055550328781214055,0.7379400544600205,0.05710071630092405,9000002,0.6461768729314877,0.05555032878121405,0.7379400544600205,0.05710071630092405
0.6597774498035788,0.0546573150282109,0.7226475163788841,0.05533354384645629,9000003,0.6597774498035788,0.0546573150282109,0.7226475163788841,0.05533354384645629
0.6542841278743364,0.054687600975558893,0.7624298172521641,0.05596374681961795,9000005,0.6542841278743364,0.054687600975558893,0.762429817252164,0.05596374681961795
0.6385804672155708,0.060431657957189945,0.7446070087278808,0.06265123107744955,9000006,0.6385804672155709,0.06043165795718995,0.7446070087278808,0.06265123107744955
0.6275667224338418,0.06042918610011982,0.7607421450740639,0.0633034807429391,9000007,0.6275667224338418,0.060429186100119825,0.7607421450740639,0.0633034807429391
0.6491473256232224,0.062081255640171217,0.7749044654458423,0.0650883831741061,9000008,0.6491473256232225,0.06208125564017122,0.7749044654458423,0.0650883831741061
0.6649148883064256,0.060133394757098425,0.7499607297918421,0.06253544999597975,9000009,0.6649148883064256,0.060133394757098425,0.749960729791842,0.06253544999597975
0.6672989051547649,0.05687007398639493,0.7682260283847429,0.058905535510121634,9000010,0.6672989051547649,0.05687007398639493,0.7682260283847429,0.05890553551012163
0.8484352474062968,0.05269446772636456,0.8831021779875416,0.053068148115798984,9000101,0.8484352474062968,0.05269446772636456,0.8831021779875418,0.053068148115798984
0.8528987188411437,0.05532697373996596,0.9188947944064824,0.05625419396930674,9000104,0.8528987188411437,0.05532697373996596,0.9188947944064823,0.05625419396930673
0.8640877581744888,0.05576708617037164,0.8579505776037875,0.05553810565572182,9000105,0.8640877581744888,0.05576708617037164,0.8579505776037873,0.05553810565572182
0.8699976716955772,0.0577175514046035,0.8872309679044544,0.05846113143649708,9000106,0.8699976716955771,0.057717551404603495,0.8872309679044544,0.05846113143649708
0.783762519668438,0.05881578480498696,0.8206390464132672,0.060774542547823315,9000107,0.783762519668438,0.05881578480498696,0.8206390464132671,0.06077454254782331
0.838516280517913,0.05975869842274202,0.8999293467726682,0.06128323608301798,9000109,0.838516280517913,0.05975869842274202,0.8999293467726682,0.06128323608301798
0.8754467666472133,0.05275969519256983,0.8611655775050058,0.05270597158397653,9000110,0.8754467666472134,0.05275969519256984,0.8611655775050058,0.05270597158397653
